{"cameraMode":{"drawMode":0,"name":"Shaded","section":"Shading Mode"},"sceneLighting":true,"audioPlay":false,"sceneViewState":{"showFog":false,"showMaterialUpdate":false,"showSkybox":false,"showFlares":false,"showImageEffects":false,"showParticleSystems":false},"in2DMode":false,"pivot":{"x":524.6699829101563,"y":404.0,"z":-176.6199951171875},"rotation":{"x":0.14969877898693086,"y":0.02461911179125309,"z":-0.0037285948637872936,"w":0.9884180426597595},"size":22.85062026977539,"orthographic":false}